2089, Wed,30,Dec,2015, 22,31,47,52,55,59,23,  42659372,    0,   Arthur   ,  5 
2088, Sat,26,Dec,2015, 17,21,31,38,44,58,20,  39529852,    0,   Arthur   ,  7 
2087, Wed,23,Dec,2015, 01,02,04,19,28,41,32,  35410343,    0,   Arthur   ,  7 
2086, Sat,19,Dec,2015, 13,14,27,46,48,50,42,  32690115,    0,   Arthur   ,  5 
2085, Wed,16,Dec,2015, 10,12,35,46,48,57,14,  28573124,    0,  Guinevere ,  4 
2084, Sat,12,Dec,2015, 15,22,25,40,53,57,23,  26267667,    0,   Arthur   ,  2 
2083, Wed, 9,Dec,2015, 03,08,14,28,34,53,32,  22284273,    0,   Arthur   ,  1 
2082, Sat, 5,Dec,2015, 10,11,15,50,51,56,23,  20192107,    0,   Arthur   ,  3 
2081, Wed, 2,Dec,2015, 09,11,14,28,37,42,12,  15798380,    0,   Arthur   ,  3 
2080, Sat,28,Nov,2015, 07,12,20,24,34,52,18,  13323440,    0,   Arthur   ,  3 
2079, Wed,25,Nov,2015, 18,29,38,41,43,57,08,   9125517,    0,  Guinevere ,  4 
2078, Sat,21,Nov,2015, 02,08,10,11,32,47,18,   6915695,    0,  Guinevere ,  2 
2077, Wed,18,Nov,2015, 09,23,30,46,49,55,37,   2291890,    0,  Guinevere ,  1 
2076, Sat,14,Nov,2015, 02,23,39,54,55,57,11,   4337627,    1,  Guinevere ,  2 
2075, Wed,11,Nov,2015, 02,17,27,28,51,52,14,  15791929,    1,   Arthur   ,  4 
2074, Sat, 7,Nov,2015, 02,03,34,43,49,50,38,  13156375,    0,   Arthur   ,  1 
2073, Wed, 4,Nov,2015, 11,13,18,25,29,47,59,   8842605,    0,  Guinevere ,  3 
2072, Sat,31,Oct,2015, 26,39,41,42,55,59,16,   6677278,    0,   Arthur   ,  4 
2071, Wed,28,Oct,2015, 26,36,41,46,49,52,09,   2319221,    0,  Guinevere ,  2 
2070, Sat,24,Oct,2015, 29,31,43,55,58,59,11,   4307602,    1,   Arthur   ,  1 
2069, Wed,21,Oct,2015, 13,14,21,25,51,53,39,  14612465,    1,  Guinevere ,  3 
2068, Sat,17,Oct,2015, 08,30,37,40,46,50,36,  12110605,    0,   Arthur   ,  4 
2067, Wed,14,Oct,2015, 07,13,20,27,39,52,35,   7875986,    0,  Guinevere ,  2 
2066, Sat,10,Oct,2015, 02,03,16,32,53,54,08,   5279697,    0,  Guinevere ,  1 
2715, Wed,29,Dec,2021, 03,17,28,42,52,57,58,   2000000,    0,   Merlin   ,  8 
2714, Sat,25,Dec,2021, 15,24,26,30,42,59,18,  15000000,    0,   Merlin   ,  7 
2713, Wed,22,Dec,2021, 06,13,14,20,45,52,54,   5472566,    0,   Merlin   ,  7 
2712, Sat,18,Dec,2021, 12,23,27,45,51,54,59,   4082078,    0,   Arthur   ,  6 
2711, Wed,15,Dec,2021, 02,15,17,28,30,45,54,   2000000,    0,   Arthur   ,  6 
2710, Sat,11,Dec,2021, 06,13,14,15,31,33,38,  11704275,    0,   Arthur   ,  5 
2709, Wed, 8,Dec,2021, 12,30,31,34,52,58,56,   9035615,    0,   Arthur   ,  1 
2708, Sat, 4,Dec,2021, 08,24,25,32,33,46,47,   7547238,    0,   Merlin   ,  3 
2707, Wed, 1,Dec,2021, 04,07,08,37,42,50,36,   5364290,    0,   Merlin   ,  3 
2706, Sat,27,Nov,2021, 01,15,16,17,24,48,09,   4015362,    0,   Merlin   ,  2 
2705, Wed,24,Nov,2021, 04,11,17,19,39,42,59,   2000000,    0,   Merlin   ,  2 
2704, Sat,20,Nov,2021, 05,16,17,32,51,59,53,   4026102,    1,   Arthur   ,  1 
2703, Wed,17,Nov,2021, 13,24,34,35,49,55,53,   2000000,    0,   Arthur   ,  1 
2702, Sat,13,Nov,2021, 13,14,16,28,43,52,56,   4101869,    1,   Arthur   , 11 
2701, Wed,10,Nov,2021, 10,11,18,20,37,49,05,   2000000,    0,   Arthur   , 11 
2700, Sat, 6,Nov,2021, 03,07,21,29,34,39,19,  20000000,    0,   Merlin   , 10 
2699, Wed, 3,Nov,2021, 06,31,39,47,48,58,08,   2000000,    0,   Merlin   , 10 
2698, Sat,30,Oct,2021, 07,18,47,51,56,59,17,  11042269,    1,   Merlin   ,  9 
2697, Wed,27,Oct,2021, 08,20,22,39,47,48,16,   8714754,    0,   Merlin   ,  9 
2696, Sat,23,Oct,2021, 04,13,21,27,28,37,19,   7265148,    0,   Arthur   , 11 
2695, Wed,20,Oct,2021, 23,27,29,37,43,47,11,   5107865,    0,   Arthur   , 11 
2694, Sat,16,Oct,2021, 04,18,21,24,37,58,22,   3800000,    0,   Arthur   , 10 
2693, Wed,13,Oct,2021, 04,08,12,15,38,56,30,   2000000,    1,   Arthur   , 10 
2692, Sat, 9,Oct,2021, 06,09,30,48,51,52,55,  11836281,    0,   Merlin   ,  9 
2691, Wed, 6,Oct,2021, 01,09,16,27,30,51,34,   9052462,    0,   Merlin   ,  9 
2690, Sat, 2,Oct,2021, 32,35,36,37,40,51,43,   7569060,    0,   Merlin   , 11 
2689, Wed,29,Sep,2021, 15,17,27,40,45,52,28,   5370436,    0,   Merlin   , 11 
2688, Sat,25,Sep,2021, 13,15,31,32,36,56,53,   4048514,    0,   Arthur   , 10 
2687, Wed,22,Sep,2021, 13,21,33,40,44,52,09,   2000000,    0,   Arthur   , 10 
2686, Sat,18,Sep,2021, 19,32,44,45,52,53,12,  15000000,    0,   Arthur   ,  9 
2685, Wed,15,Sep,2021, 20,24,25,27,34,37,50,   5383627,    0,   Arthur   ,  9 
2684, Sat,11,Sep,2021, 02,13,38,42,52,54,39,   4079277,    0,   Merlin   ,  8 
2683, Wed, 8,Sep,2021, 03,04,13,14,38,56,52,   2000000,    0,   Merlin   ,  8 
2682, Sat, 4,Sep,2021, 01,14,21,36,39,41,34,  20000000,    0,   Merlin   ,  7 
2681, Wed, 1,Sep,2021, 03,19,28,33,41,43,57,   9079487,    0,   Merlin   ,  7 
2680, Sat,28,Aug,2021, 18,24,34,49,50,57,41,   7596828,    0,   Arthur   ,  6 
2679, Wed,25,Aug,2021, 07,15,30,39,52,59,38,   5419064,    0,   Arthur   ,  6 
2678, Sat,21,Aug,2021, 17,18,27,28,35,57,51,   4061448,    0,   Arthur   ,  5 
2677, Wed,18,Aug,2021, 04,10,27,30,48,50,54,   2000000,    0,   Arthur   ,  5 
2676, Sat,14,Aug,2021, 01,02,15,19,39,43,58,  11165532,    1,  Lancelot  ,  8 
2675, Wed,11,Aug,2021, 13,32,36,37,39,46,40,   8817804,    0,  Lancelot  ,  8 
2674, Sat, 7,Aug,2021, 10,15,22,41,51,57,58,   7357979,    0,  Lancelot  ,  7 
2673, Wed, 4,Aug,2021, 03,16,27,34,36,46,06,   5158495,    0,  Lancelot  ,  7 
2672, Sat,31,Jul,2021, 11,12,13,19,43,58,48,   3800000,    0,  Guinevere ,  6 
2671, Wed,28,Jul,2021, 23,26,34,36,44,59,43,   5162779,    1,  Guinevere ,  6 
2670, Sat,24,Jul,2021, 06,07,17,28,34,37,59,   3800000,    0,  Guinevere ,  5 
2669, Wed,21,Jul,2021, 05,17,20,37,45,51,29,   2000000,    1,  Guinevere ,  5 
2668, Sat,17,Jul,2021, 03,25,33,35,48,56,01,  20000000,    0,  Lancelot  ,  8 
2667, Wed,14,Jul,2021, 12,27,29,35,36,41,51,   5143792,    0,  Lancelot  ,  8 
2666, Sat,10,Jul,2021, 09,19,22,33,47,54,01,   3800000,    0,  Lancelot  ,  7 
2665, Wed, 7,Jul,2021, 02,03,07,20,40,52,14,  13137760,    1,  Lancelot  ,  7 
2664, Sat, 3,Jul,2021, 01,12,27,29,31,47,23,  11095000,    0,  Guinevere ,  6 
2663, Wed,30,Jun,2021, 12,27,34,38,40,41,32,   8724593,    0,  Guinevere ,  6 
2662, Sat,26,Jun,2021, 14,24,37,39,41,53,19,   7288945,    0,  Guinevere ,  5 
2661, Wed,23,Jun,2021, 04,14,15,33,50,53,16,   5129416,    0,  Guinevere ,  5 
2660, Sat,19,Jun,2021, 12,18,21,38,44,54,14,   3800000,    0,  Lancelot  ,  4 
2659, Wed,16,Jun,2021, 06,22,28,36,48,53,13,   2000000,    1,  Lancelot  ,  4 
2658, Sat,12,Jun,2021, 09,11,16,27,36,52,50,  11966646,    0,  Lancelot  ,  3 
2657, Wed, 9,Jun,2021, 09,15,24,34,43,49,32,   9279194,    0,  Lancelot  ,  3 
2656, Sat, 5,Jun,2021, 03,06,33,39,46,57,17,   7741908,    0,  Guinevere ,  2 
2655, Wed, 2,Jun,2021, 01,15,17,33,53,59,41,   5490597,    0,  Guinevere ,  2 
2654, Sat,29,May,2021, 01,10,16,36,46,55,44,   4131870,    0,  Guinevere ,  1 
2653, Wed,26,May,2021, 28,33,36,45,49,51,48,   2000000,    0,  Guinevere ,  1 
2652, Sat,22,May,2021, 09,20,41,43,46,48,07,  20000000,    0,  Lancelot  ,  4 
2651, Wed,19,May,2021, 18,36,50,53,57,58,22,   2000000,    0,  Lancelot  ,  4 
2650, Sat,15,May,2021, 06,19,27,32,39,57,50,  12395599,    0,  Lancelot  ,  3 
2649, Wed,12,May,2021, 10,17,23,40,51,52,20,   9571521,    0,  Lancelot  ,  3 
2648, Sat, 8,May,2021, 10,12,23,31,37,46,15,   7965400,    0,  Guinevere ,  2 
2647, Wed, 5,May,2021, 08,27,34,40,55,56,43,   5641372,    0,  Guinevere ,  2 
2646, Sat, 1,May,2021, 07,10,31,32,34,40,14,   4199425,    0,  Guinevere ,  1 
2645, Wed,28,Apr,2021, 01,04,27,48,57,59,05,   2000000,    0,  Guinevere ,  1 
2644, Sat,24,Apr,2021, 16,24,29,30,32,38,01,  12068332,    0,  Lancelot  ,  4 
2643, Wed,21,Apr,2021, 04,06,14,32,34,39,46,   9309773,    0,  Lancelot  ,  4 
2642, Sat,17,Apr,2021, 07,08,18,21,23,57,04,   7774079,    0,  Lancelot  ,  3 
2641, Wed,14,Apr,2021, 06,12,20,48,52,57,34,   5560498,    0,  Lancelot  ,  3 
2640, Sat,10,Apr,2021, 20,25,26,48,49,50,30,   4173869,    0,  Guinevere ,  2 
2639, Wed, 7,Apr,2021, 12,38,40,51,57,58,29,   2000000,    0,  Guinevere ,  2 
2638, Sat, 3,Apr,2021, 02,08,28,32,40,45,05,  12523601,    1,  Guinevere ,  1 
2637, Wed,31,Mar,2021, 04,06,13,49,56,58,12,   9704965,    0,  Guinevere ,  1 
2636, Sat,27,Mar,2021, 03,05,18,22,26,49,29,   8094876,    0,  Lancelot  , 11 
2635, Wed,24,Mar,2021, 02,03,23,27,40,50,30,   5692601,    0,  Lancelot  , 11 
2634, Sat,20,Mar,2021, 12,15,24,34,36,51,21,   4255018,    0,  Lancelot  , 10 
2633, Wed,17,Mar,2021, 07,16,26,28,36,58,09,   2000000,    0,  Lancelot  , 10 
2632, Sat,13,Mar,2021, 06,08,11,17,29,44,20,   4334826,    1,  Guinevere ,  9 
2631, Wed,10,Mar,2021, 01,05,09,21,26,42,17,   2000000,    0,  Guinevere ,  9 
2630, Sat, 6,Mar,2021, 16,17,29,47,52,56,15,  20000000,    0,  Guinevere , 11 
2629, Wed, 3,Mar,2021, 02,03,08,23,40,54,52,   5250564,    0,  Guinevere , 11 
2628, Sat,27,Feb,2021, 04,33,36,39,45,49,20,   3800000,    0,  Lancelot  , 10 
2627, Wed,24,Feb,2021, 01,09,16,17,18,34,13,  13680714,    0,  Lancelot  , 10 
2626, Sat,20,Feb,2021, 03,16,18,24,36,56,10,  11543517,    0,  Lancelot  ,  9 
2625, Wed,17,Feb,2021, 05,06,08,20,26,39,01,   8990812,    0,  Lancelot  ,  9 
2624, Sat,13,Feb,2021, 15,16,37,42,44,50,48,   7459411,    0,  Guinevere , 11 
2623, Wed,10,Feb,2021, 01,15,29,33,42,49,54,   5167620,    0,  Guinevere , 11 
2622, Sat, 6,Feb,2021, 27,28,32,39,46,52,06,   3800000,    0,  Guinevere , 10 
2621, Wed, 3,Feb,2021, 04,09,17,21,26,46,12,  13420584,    0,  Guinevere , 10 
2620, Sat,30,Jan,2021, 04,28,31,36,51,55,42,  11429710,    0,  Lancelot  ,  9 
2619, Wed,27,Jan,2021, 22,30,34,35,45,50,51,   8930580,    0,  Lancelot  ,  9 
2618, Sat,23,Jan,2021, 01,06,25,45,49,52,56,   7442457,    0,  Lancelot  ,  8 
2617, Wed,20,Jan,2021, 03,05,07,13,25,57,37,   5159502,    0,  Lancelot  ,  8 
2616, Sat,16,Jan,2021, 03,15,38,45,48,53,27,   3800000,    0,  Guinevere ,  7 
2615, Wed,13,Jan,2021, 01,08,12,16,18,42,04,   2000000,    1,  Guinevere ,  7 
2614, Sat, 9,Jan,2021, 09,21,23,30,35,38,53,  20000000,    1,  Guinevere ,  6 
2613, Wed, 6,Jan,2021, 02,08,36,51,52,54,10,   9038072,    0,  Guinevere ,  6 
2612, Sat, 2,Jan,2021, 06,08,09,36,39,57,37,   7534975,    0,  Lancelot  ,  5 
2820, Sat,31,Dec,2022, 27,34,47,56,57,58,19,  15000000,    0,  Lancelot  ,  3 
2819, Wed,28,Dec,2022, 05,19,27,31,48,57,30,   2000000,    0,  Lancelot  ,  3 
2818, Sat,24,Dec,2022, 01,08,14,46,49,59,19,  15000000,    0,  Guinevere ,  2 
2817, Wed,21,Dec,2022, 05,19,34,38,53,54,31,   2000000,    0,  Guinevere ,  2 
2816, Sat,17,Dec,2022, 15,22,38,39,49,56,32,  11481636,    0,  Guinevere ,  1 
2815, Wed,14,Dec,2022, 16,39,41,44,49,50,06,   8875077,    0,  Guinevere ,  1 
2814, Sat,10,Dec,2022, 14,17,19,23,34,51,54,   7438398,    0,   Merlin   , 11 
2813, Wed, 7,Dec,2022, 09,21,33,37,45,51,55,   5313728,    0,   Merlin   , 11 
2812, Sat, 3,Dec,2022, 11,13,14,16,19,38,23,   3987177,    0,   Merlin   , 10 
2811, Wed,30,Nov,2022, 13,17,20,47,49,50,11,   2000000,    0,   Merlin   , 10 
2810, Sat,26,Nov,2022, 01,03,05,17,50,52,11,   7444049,    1,   Arthur   ,  9 
2809, Wed,23,Nov,2022, 05,16,29,42,43,58,37,   5302460,    0,   Arthur   ,  9 
2808, Sat,19,Nov,2022, 05,17,20,30,39,49,59,   3991616,    0,   Arthur   , 11 
2807, Wed,16,Nov,2022, 01,18,27,30,39,53,58,   2000000,    0,   Arthur   , 11 
2806, Sat,12,Nov,2022, 04,11,22,37,44,48,39,   4006571,    1,   Merlin   , 10 
2805, Wed, 9,Nov,2022, 01,05,29,31,44,58,08,   2000000,    0,   Merlin   , 10 
2804, Sat, 5,Nov,2022, 02,13,27,31,38,41,34,   3800000,    1,   Merlin   ,  9 
2803, Wed, 2,Nov,2022, 04,18,40,41,44,46,54,  12803486,    1,   Merlin   ,  9 
2802, Sat,29,Oct,2022, 07,15,26,37,39,58,41,  10812851,    0,   Arthur   , 11 
2801, Wed,26,Oct,2022, 07,13,20,21,46,53,49,   8507032,    0,   Arthur   , 11 
2800, Sat,22,Oct,2022, 11,33,42,56,58,59,34,   7151188,    0,   Arthur   , 10 
2799, Wed,19,Oct,2022, 02,13,18,45,50,59,14,   5061332,    0,   Arthur   , 10 
2798, Sat,15,Oct,2022, 11,13,18,25,36,55,39,   3800000,    0,   Merlin   ,  9 
2797, Wed,12,Oct,2022, 20,21,24,26,39,47,37,   2000000,    1,   Merlin   ,  9 
2796, Sat, 8,Oct,2022, 06,08,12,26,32,46,51,   4033171,    1,   Merlin   ,  8 
2795, Wed, 5,Oct,2022, 23,31,36,48,51,54,38,   2000000,    0,   Merlin   ,  8 
2794, Sat, 1,Oct,2022, 01,04,09,40,44,58,21,  20000000,    0,   Arthur   ,  7 
2793, Wed,28,Sep,2022, 03,15,20,48,57,58,09,   5070357,    1,   Arthur   ,  7 
2792, Sat,24,Sep,2022, 14,15,18,22,39,50,51,   3800000,    0,   Arthur   ,  7 
2791, Wed,21,Sep,2022, 06,13,28,34,37,45,24,   5232697,    1,   Arthur   ,  6 
2790, Sat,17,Sep,2022, 11,22,25,28,45,55,15,   3939781,    0,   Merlin   ,  5 
2789, Wed,14,Sep,2022, 25,38,45,46,55,57,16,   2000000,    0,   Merlin   ,  5 
2788, Sat,10,Sep,2022, 02,06,07,29,31,42,09,   7103875,    1,   Merlin   ,  8 
2787, Wed, 7,Sep,2022, 03,20,27,34,42,58,48,   5081613,    0,   Merlin   ,  8 
2786, Sat, 3,Sep,2022, 09,25,42,43,46,52,06,   3800000,    0,   Arthur   ,  7 
2785, Wed,31,Aug,2022, 13,16,21,30,49,54,08,  12824799,    0,   Arthur   ,  7 
2784, Sat,27,Aug,2022, 07,10,20,24,30,38,19,  10839432,    0,   Arthur   ,  6 
2783, Wed,24,Aug,2022, 10,14,25,32,35,39,42,   8546531,    0,   Arthur   ,  6 
2782, Sat,20,Aug,2022, 03,05,06,09,35,59,38,   7119865,    0,   Merlin   ,  5 
2781, Wed,17,Aug,2022, 20,26,30,37,45,48,33,   5037577,    0,   Merlin   ,  5 
2780, Sat,13,Aug,2022, 15,22,42,49,50,54,59,   3800000,    0,   Merlin   ,  8 
2779, Wed,10,Aug,2022, 06,21,24,40,47,52,30,   2000000,    1,   Merlin   ,  8 
2778, Sat, 6,Aug,2022, 14,15,31,41,44,45,20,  20000000,    1,   Arthur   ,  7 
2777, Wed, 3,Aug,2022, 05,25,28,29,53,58,15,   9116513,    0,   Arthur   ,  7 
2776, Sat,30,Jul,2022, 07,16,17,19,33,57,12,   7592042,    0,   Arthur   ,  6 
2775, Wed,27,Jul,2022, 01,11,14,37,38,39,54,   5390878,    0,   Arthur   ,  6 
2774, Sat,23,Jul,2022, 02,10,13,34,41,54,26,   4058060,    0,   Merlin   ,  5 
2773, Wed,20,Jul,2022, 12,14,17,32,33,36,09,   2000000,    0,   Merlin   ,  5 
2772, Sat,16,Jul,2022, 02,12,19,32,54,58,23,  11702037,    0,   Merlin   ,  4 
2771, Wed,13,Jul,2022, 12,13,19,39,42,59,10,   8963325,    0,   Merlin   ,  4 
2770, Sat, 9,Jul,2022, 06,12,15,24,40,48,45,   7441782,    0,   Arthur   ,  3 
2769, Wed, 6,Jul,2022, 09,25,36,41,44,54,48,   5321793,    0,   Arthur   ,  3 
2768, Sat, 2,Jul,2022, 09,23,33,43,48,53,01,   4007421,    0,   Arthur   ,  2 
2767, Wed,29,Jun,2022, 03,17,21,26,46,59,39,   2000000,    0,   Arthur   ,  2 
2766, Sat,25,Jun,2022, 13,23,25,31,43,52,06,   3965089,    1,   Merlin   ,  1 
2765, Wed,22,Jun,2022, 21,36,40,46,48,54,38,   2000000,    0,   Merlin   ,  1 
2764, Sat,18,Jun,2022, 11,14,36,39,42,59,21,   7440150,    1,   Merlin   ,  4 
2763, Wed,15,Jun,2022, 03,26,37,38,41,53,36,   5295297,    0,   Merlin   ,  4 
2762, Sat,11,Jun,2022, 20,21,32,34,52,59,01,   4026408,    0,   Arthur   ,  3 
2761, Wed, 8,Jun,2022, 11,23,25,38,53,58,52,   2000000,    0,   Arthur   ,  3 
2760, Sat, 4,Jun,2022, 09,19,41,46,52,59,24,  20000000,    1,   Arthur   ,  2 
2759, Wed, 1,Jun,2022, 01,04,06,30,32,38,18,   2000000,    0,   Arthur   ,  2 
2758, Sat,28,May,2022, 05,16,24,34,44,57,20,   3800000,    1,  Guinevere ,  1 
2757, Wed,25,May,2022, 30,31,37,45,49,56,51,   8576335,    1,  Guinevere ,  1 
2756, Sat,21,May,2022, 12,25,37,48,51,57,08,   7177782,    0,  Lancelot  ,  4 
2755, Wed,18,May,2022, 18,20,38,40,42,51,45,   5055480,    0,  Lancelot  ,  4 
2754, Sat,14,May,2022, 12,15,21,24,39,50,35,   3800000,    0,  Lancelot  ,  3 
2753, Wed,11,May,2022, 21,34,37,39,44,51,26,   8606092,    1,  Lancelot  ,  3 
2752, Sat, 7,May,2022, 03,05,06,15,41,45,39,   7120907,    0,  Guinevere ,  2 
2751, Wed, 4,May,2022, 06,10,29,50,55,57,05,   5036668,    0,  Guinevere ,  2 
2750, Sat,30,Apr,2022, 15,19,26,41,51,57,52,   3800000,    0,  Guinevere ,  1 
2749, Wed,27,Apr,2022, 10,22,35,38,56,57,46,   8525949,    1,  Guinevere ,  1 
2748, Sat,23,Apr,2022, 07,10,24,31,48,56,15,   7112555,    0,  Lancelot  , 11 
2747, Wed,20,Apr,2022, 05,08,24,47,50,53,31,   5021487,    0,  Lancelot  , 11 
2746, Sat,16,Apr,2022, 02,04,06,35,55,58,44,   3800000,    0,  Lancelot  , 10 
2745, Wed,13,Apr,2022, 01,07,10,30,40,53,02,   5355727,    1,  Lancelot  , 10 
2744, Sat, 9,Apr,2022, 10,11,18,29,44,59,17,   4033737,    0,  Guinevere ,  9 
2743, Wed, 6,Apr,2022, 03,17,23,24,30,49,59,   2000000,    0,  Guinevere ,  9 
2742, Sat, 2,Apr,2022, 22,24,27,30,52,57,20,  11698558,    0,  Guinevere , 11 
2741, Wed,30,Mar,2022, 11,12,14,17,44,58,29,   8944842,    0,  Guinevere , 11 
2740, Sat,26,Mar,2022, 13,18,27,35,46,53,40,   7495306,    0,  Lancelot  , 10 
2739, Wed,23,Mar,2022, 03,14,15,46,52,53,50,   5335985,    0,  Lancelot  , 10 
2738, Sat,19,Mar,2022, 20,24,33,34,50,51,07,   4045045,    0,  Lancelot  ,  9 
2737, Wed,16,Mar,2022, 14,20,23,28,33,54,12,   2000000,    0,  Lancelot  ,  9 
2736, Sat,12,Mar,2022, 07,13,21,23,39,44,16,   2055575,    2,  Guinevere , 11 
2735, Wed, 9,Mar,2022, 03,10,26,38,41,47,45,   2000000,    0,  Guinevere , 11 
2734, Sat, 5,Mar,2022, 10,21,29,33,42,51,48,  20000000,    0,  Guinevere , 10 
2733, Wed, 2,Mar,2022, 43,48,49,52,55,58,32,   2000000,    0,  Guinevere , 10 
2732, Sat,26,Feb,2022, 05,08,33,37,47,52,20,  11812605,    0,  Lancelot  ,  9 
2731, Wed,23,Feb,2022, 04,22,26,27,33,37,20,   9021342,    0,  Lancelot  ,  9 
2730, Sat,19,Feb,2022, 33,34,44,50,56,57,26,   7576468,    0,  Lancelot  ,  7 
2729, Wed,16,Feb,2022, 21,27,31,50,53,59,24,   5408920,    0,  Lancelot  ,  7 
2728, Sat,12,Feb,2022, 09,16,26,28,47,58,49,   4081142,    0,  Guinevere ,  6 
2727, Wed, 9,Feb,2022, 12,16,17,43,53,57,29,   2000000,    0,  Guinevere ,  6 
2726, Sat, 5,Feb,2022, 08,24,36,39,46,56,48,  11847859,    0,  Guinevere ,  5 
2725, Wed, 2,Feb,2022, 06,22,29,48,50,59,03,   9091892,    0,  Guinevere ,  5 
2724, Sat,29,Jan,2022, 04,12,35,41,47,50,46,   7592322,    0,   Merlin   ,  8 
2723, Wed,26,Jan,2022, 05,26,36,53,57,58,02,   5382068,    0,   Merlin   ,  8 
2722, Sat,22,Jan,2022, 01,20,25,35,46,59,28,   4086582,    0,   Merlin   ,  7 
2721, Wed,19,Jan,2022, 03,13,41,50,56,57,58,   2000000,    0,   Merlin   ,  7 
2720, Sat,15,Jan,2022, 13,14,25,31,37,39,04,  12070921,    0,   Arthur   ,  6 
2719, Wed,12,Jan,2022, 08,21,37,39,56,59,32,   9311761,    0,   Arthur   ,  6 
2718, Sat, 8,Jan,2022, 21,28,33,36,43,46,27,   7776811,    0,   Arthur   ,  5 
2717, Wed, 5,Jan,2022, 03,05,21,28,56,57,14,   5544411,    0,   Arthur   ,  5 
2716, Sat, 1,Jan,2022, 14,29,31,41,43,56,42,   4201355,    0,   Merlin   ,  8 
2894, Sat,16,Sep,2023, 07,17,22,24,31,59,50,   7441399,    1,   Arthur   ,  4 
2893, Wed,13,Sep,2023, 07,10,23,29,31,42,06,   5269228,    0,   Arthur   ,  4 
2892, Sat, 9,Sep,2023, 15,20,39,43,49,59,56,   4015491,    0,   Arthur   ,  3 
2891, Wed, 6,Sep,2023, 03,12,22,38,53,54,28,   2000000,    0,   Arthur   ,  3 
2890, Sat, 2,Sep,2023, 09,11,46,49,53,55,16,  20000000,    0,   Merlin   ,  2 
2889, Wed,30,Aug,2023, 11,19,20,25,48,59,41,   5048828,    0,   Merlin   ,  2 
2888, Sat,26,Aug,2023, 12,13,41,42,45,50,43,   3800000,    0,   Merlin   ,  1 
2887, Wed,23,Aug,2023, 13,16,23,32,37,57,15,   5106856,    1,   Merlin   ,  1 
2886, Sat,19,Aug,2023, 02,07,17,28,31,37,08,   3800000,    0,   Arthur   ,  4 
2885, Wed,16,Aug,2023, 08,10,32,43,51,59,26,   2000000,    1,   Arthur   ,  4 
2884, Sat,12,Aug,2023, 14,17,21,24,25,39,44,  11868266,    0,   Arthur   ,  3 
2883, Wed, 9,Aug,2023, 10,16,24,29,34,48,54,   9178739,    0,   Arthur   ,  3 
2882, Sat, 5,Aug,2023, 05,22,28,38,50,58,02,   7706455,    0,   Merlin   ,  2 
2881, Wed, 2,Aug,2023, 05,10,21,23,35,49,16,   5396374,    0,   Merlin   ,  2 
2880, Sat,29,Jul,2023, 08,20,21,33,37,56,25,   4072923,    0,   Merlin   , 11 
2879, Wed,26,Jul,2023, 10,12,19,27,29,50,33,   2000000,    0,   Merlin   , 11 
2878, Sat,22,Jul,2023, 11,14,20,35,41,46,02,  11671861,    1,   Arthur   , 10 
2877, Wed,19,Jul,2023, 12,30,34,39,41,47,40,   9005764,    0,   Arthur   , 10 
2876, Sat,15,Jul,2023, 10,11,37,45,46,58,30,   7580789,    0,   Arthur   ,  9 
2875, Wed,12,Jul,2023, 03,30,44,50,52,57,45,   5411637,    0,   Arthur   ,  9 
2874, Sat, 8,Jul,2023, 06,15,18,23,24,59,14,   4081735,    0,   Merlin   , 11 
2873, Wed, 5,Jul,2023, 10,15,16,38,44,47,12,   2000000,    0,   Merlin   , 11 
2872, Sat, 1,Jul,2023, 01,12,20,22,24,35,34,  20000000,    1,   Merlin   , 10 
2871, Wed,28,Jun,2023, 31,32,33,40,56,59,20,   5102417,    0,   Merlin   , 10 
2870, Sat,24,Jun,2023, 17,18,22,36,39,53,31,   3800000,    0,   Arthur   ,  9 
2869, Wed,21,Jun,2023, 01,03,04,07,08,15,54,   6310329,    2,   Arthur   ,  9 
2868, Sat,17,Jun,2023, 11,13,28,32,46,47,21,  10686174,    0,   Arthur   , 11 
2867, Wed,14,Jun,2023, 02,16,21,23,47,56,03,   8476343,    0,   Arthur   , 11 
2866, Sat,10,Jun,2023, 13,29,36,39,44,56,03,   7141851,    0,   Merlin   , 10 
2865, Wed, 7,Jun,2023, 03,04,12,35,55,56,50,   5079455,    0,   Merlin   , 10 
2864, Sat, 3,Jun,2023, 04,13,15,20,22,59,17,   3800000,    0,   Merlin   ,  9 
2863, Wed,31,May,2023, 19,24,28,33,41,54,48,   5076717,    1,  Guinevere ,  5 
2862, Sat,27,May,2023, 05,14,22,37,42,49,54,   3800000,    0,  Lancelot  ,  8 
2861, Wed,24,May,2023, 03,04,10,13,14,36,18,   4502217,    2,  Lancelot  ,  8 
2860, Sat,20,May,2023, 07,24,34,36,44,51,20,   7508042,    0,  Lancelot  ,  7 
2859, Wed,17,May,2023, 01,02,04,09,50,51,17,   5330510,    0,  Lancelot  ,  7 
2858, Sat,13,May,2023, 02,13,32,42,54,58,28,   4025899,    0,  Guinevere ,  6 
2857, Wed,10,May,2023, 09,15,22,45,52,57,12,   2000000,    0,  Guinevere ,  6 
2856, Sat, 6,May,2023, 03,23,33,36,54,55,07,  20000000,    0,  Guinevere ,  5 
2855, Wed, 3,May,2023, 12,28,33,37,42,49,25,   2000000,    0,  Guinevere ,  5 
2854, Sat,29,Apr,2023, 12,31,35,41,44,56,59,  11826941,    0,  Lancelot  ,  8 
2853, Wed,26,Apr,2023, 19,26,27,29,53,57,17,   9024240,    0,  Lancelot  ,  8 
2852, Sat,22,Apr,2023, 08,22,29,31,35,51,46,   7528121,    0,  Lancelot  ,  7 
2851, Wed,19,Apr,2023, 07,22,25,47,54,58,37,   5356322,    0,  Lancelot  ,  7 
2850, Sat,15,Apr,2023, 03,13,17,21,35,58,29,   4035997,    0,  Guinevere ,  6 
2849, Wed,12,Apr,2023, 12,16,29,39,45,51,05,   2000000,    0,  Guinevere ,  6 
2848, Sat, 8,Apr,2023, 04,12,19,20,24,42,17,  20000000,    0,  Guinevere ,  5 
2847, Wed, 5,Apr,2023, 04,18,29,30,39,52,46,   9046577,    0,  Guinevere ,  5 
2846, Sat, 1,Apr,2023, 03,07,13,40,43,47,49,   7566571,    0,  Lancelot  ,  8 
2845, Wed,29,Mar,2023, 10,24,27,32,42,52,37,   5380683,    0,  Lancelot  ,  8 
2844, Sat,25,Mar,2023, 11,13,30,40,43,44,28,   4040564,    0,  Lancelot  ,  7 
2843, Wed,22,Mar,2023, 05,27,33,37,42,58,10,   2000000,    0,  Lancelot  ,  7 
2842, Sat,18,Mar,2023, 13,22,39,46,54,59,58,  11822031,    0,  Guinevere ,  6 
2841, Wed,15,Mar,2023, 02,12,24,37,39,43,36,   9102449,    0,  Guinevere ,  6 
2840, Sat,11,Mar,2023, 01,19,27,28,41,50,49,   7596452,    0,  Guinevere ,  5 
2839, Wed, 8,Mar,2023, 05,29,41,49,57,59,22,   5386138,    0,  Guinevere ,  5 
2838, Sat, 4,Mar,2023, 06,16,24,30,33,44,07,   4033045,    0,  Lancelot  ,  4 
2837, Wed, 1,Mar,2023, 05,28,36,39,48,49,35,   2000000,    0,  Lancelot  ,  4 
2836, Sat,25,Feb,2023, 22,31,32,45,50,53,35,   3800000,    1,  Lancelot  ,  3 
2835, Wed,22,Feb,2023, 11,13,15,23,34,39,09,   5315349,    1,  Lancelot  ,  3 
2834, Sat,18,Feb,2023, 09,35,49,52,53,58,29,   4034109,    0,  Guinevere ,  2 
2833, Wed,15,Feb,2023, 10,20,34,42,50,56,14,   2000000,    0,  Guinevere ,  2 
2832, Sat,11,Feb,2023, 03,05,37,46,47,57,50,   7639134,    1,  Guinevere ,  1 
2831, Wed, 8,Feb,2023, 13,26,28,33,42,53,55,   5445896,    0,  Guinevere ,  1 
2830, Sat, 4,Feb,2023, 02,05,23,27,31,58,56,   4096733,    0,  Lancelot  ,  4 
2829, Wed, 1,Feb,2023, 16,28,29,31,53,59,34,   2000000,    0,  Lancelot  ,  4 
2828, Sat,28,Jan,2023, 05,08,20,23,30,50,25,   6030699,    2,  Lancelot  ,  3 
2827, Wed,25,Jan,2023, 04,07,19,23,50,58,08,   9171779,    0,  Lancelot  ,  3 
2826, Sat,21,Jan,2023, 07,09,14,21,30,57,18,   7607105,    0,  Guinevere ,  2 
2825, Wed,18,Jan,2023, 11,23,26,36,37,44,53,   5393437,    0,  Guinevere ,  2 
2824, Sat,14,Jan,2023, 09,33,37,39,47,54,24,   4071418,    0,  Guinevere ,  1 
2823, Wed,11,Jan,2023, 04,19,22,46,54,56,21,   2000000,    0,  Guinevere ,  1 
2822, Sat, 7,Jan,2023, 06,07,11,33,45,57,18,   4080682,    1,  Lancelot  ,  4 
2821, Wed, 4,Jan,2023, 01,04,09,32,42,58,26,   2000000,    0,  Lancelot  ,  4 
